date,league,teamA,teamB,time,status
4/21/2026,الدوري الإنجليزي,برايتون,تشيلسي,21:00,لم تبدأ
4/21/2026,الدوري الإسباني,أتلتيك بلباو,أوساسونا,19:00,لم تبدأ
4/21/2026,الدوري الإسباني,مايوركا,فالنسيا,19:00,لم تبدأ
4/21/2026,الدوري الإسباني,جيرونا,ريال بيتيس,21:30,لم تبدأ
4/21/2026,الدوري الإسباني,ريال مدريد,ألافيس,21:30,لم تبدأ
4/21/2026,كأس إيطاليا,إنتر ميلان,كومو,21:00,لم تبدأ
4/21/2026,كأس فرنسا,لانس,تولوز,21:10,لم تبدأ
4/21/2026,دوري أبطال آسيا للنخبة,شباب الأهلي,ماتشيدا زيلفيا,18:15,لم تبدأ
4/21/2026,دوري القسم الثاني-أ,طنطا,المصرية للاتصالات,15:00,لم تبدأ
4/22/2026,الدوري المصري,المصري,إنبي,17:00,لم تبدأ
4/22/2026,الدوري المصري,سموحة,سيراميكا كليوباترا,20:00,لم تبدأ
4/22/2026,الدوري الإنجليزي,بيرنلي,مانشستر سيتي,21:00,لم تبدأ
4/22/2026,الدوري الإنجليزي,بورنموث,ليدز يونايتد,21:00,لم تبدأ
4/22/2026,الدوري الإسباني,إلتشي,اتلتيكو مدريد,19:00,لم تبدأ
4/22/2026,الدوري الإسباني,ريال سوسيداد,خيتافي,20:00,لم تبدأ
4/22/2026,الدوري الإسباني,برشلونة,سيلتا فيجو,21:30,لم تبدأ
4/22/2026,الدوري الفرنسي,باريس سان جيرمان,نانت,19:00,لم تبدأ
4/22/2026,كأس إيطاليا,أتالانتا,لاتسيو,21:00,لم تبدأ
4/22/2026,كأس فرنسا,ستراسبورج,نيس,21:00,لم تبدأ
4/22/2026,كأس ألمانيا,باير ليفركوزن,بايرن ميونيخ,20:45,لم تبدأ
4/23/2026,الدوري المصري,المقاولون العرب,الاتحاد السكندري,17:00,لم تبدأ
4/23/2026,الدوري المصري,الزمالك,بيراميدز,20:00,لم تبدأ
4/23/2026,الدوري المصري,غزل المحلة,بتروجت,20:00,لم تبدأ
4/23/2026,الدوري الإسباني,ليفانتي,اشبيلية,19:00,لم تبدأ
4/23/2026,الدوري الإسباني,رايو فاييكانو,اسبانيول,20:00,لم تبدأ
4/23/2026,الدوري الإسباني,ريال أوفييدو,فياريال,21:30,لم تبدأ
4/23/2026,كأس ألمانيا,شتوتجارت,فرايبورج,20:45,لم تبدأ
4/23/2026,دوري القسم الثاني-أ,الترسانة,بترول أسيوط,15:00,لم تبدأ
4/23/2026,دوري القسم الثاني-أ,ديروط,الانتاج الحربي,15:00,لم تبدأ
4/23/2026,دوري القسم الثاني-أ,بروكسي,السكة الحديد,15:00,لم تبدأ
4/23/2026,دوري القسم الثاني-أ,أسوان,مسار,15:00,لم تبدأ
4/23/2026,دوري القسم الثاني-أ,مالية كفر الزيات,القناة,15:00,لم تبدأ
4/23/2026,دوري القسم الثاني-أ,راية الرياضي,المنصورة,15:00,لم تبدأ
4/23/2026,دوري القسم الثاني-أ,الداخلية,بلدية المحلة,15:00,لم تبدأ
4/23/2026,الدوري المصري الممتاز - سيدات,مودرن سبورت,رع,14:30,لم تبدأ
4/23/2026,الدوري السعودي,النجمة,التعاون,18:10,لم تبدأ
4/23/2026,الدوري السعودي,ضمك,الأخدود,20:00,لم تبدأ
4/23/2026,الدوري البرتغالي,سبورتنج لشبونة,تونديلا,,مؤجل
4/23/2026,الدوري البرتغالي,كازا بيا,سبورتينج براجا,21:15,لم تبدأ
4/23/2026,الدوري الإماراتي,اتحاد كلباء,بني ياس,16:00,لم تبدأ
4/23/2026,الدوري الإماراتي,الشــارقة,الوحـــدة,16:00,لم تبدأ
4/23/2026,الدوري الإماراتي,البطائح,العين,18:45,لم تبدأ
4/23/2026,الدوري الإماراتي,شباب الأهلي,خورفكان,18:45,لم تبدأ
4/23/2026,الدوري التونسي,الترجى الرياضي,الترجي الجرجيسي,16:00,لم تبدأ
4/24/2026,الدوري المصري,فاركو,الجونة,17:00,لم تبدأ
4/24/2026,الدوري المصري,البنك الأهلي,زد,17:00,لم تبدأ
4/24/2026,الدوري المصري,الإسماعيلي,مودرن سبورت,20:00,لم تبدأ
4/24/2026,الدوري المصري,طلائع الجيش,كهرباء الإسماعيلية,20:00,لم تبدأ
4/24/2026,الدوري الإنجليزي,سندرلاند,نوتينجهام فورست,22:00,لم تبدأ
4/24/2026,الدوري الإسباني,ريال بيتيس,ريال مدريد,22:00,لم تبدأ
4/24/2026,الدوري الإيطالي,نابولي,كريمونيسي,21:45,لم تبدأ
4/24/2026,الدوري الفرنسي,بريست,لانس,21:45,لم تبدأ
4/24/2026,الدوري الأفريقي لكرة السلة,فيل دي داكار,النادي الإفريقي,17:00,لم تبدأ
4/24/2026,الدوري الأفريقي لكرة السلة,جي سي كينجز,نادي الفتح الرياضي,20:00,لم تبدأ
4/24/2026,الدوري المصري الممتاز - سيدات,بالم هيلز,اتحاد بسيون,14:30,لم تبدأ
4/24/2026,الدوري المصري الممتاز - سيدات,وادي دجلة,البنك الأهلي,14:30,لم تبدأ
4/24/2026,الدوري المصري الممتاز - سيدات,انبي,الأهلي,14:30,لم تبدأ
4/24/2026,الدوري المصري الممتاز - سيدات,الزمالك,المقاولون العرب,14:30,لم تبدأ
4/24/2026,الدوري المصري الممتاز - سيدات,إس أي كا إف سـي الرياضي,زد,14:30,لم تبدأ
4/24/2026,الدوري المصري الممتاز - سيدات,مسار,الطيران,14:30,لم تبدأ
4/24/2026,الدوري المصري الممتاز - سيدات,بيراميدز,المصري,14:30,لم تبدأ
4/24/2026,الدوري السعودي,الفتح,الخليج,18:45,لم تبدأ
4/24/2026,الدوري السعودي,الحزم,الرياض,19:10,لم تبدأ
4/24/2026,الدوري التركي,إسطنبول باشاكشهير,قاسم باشا,20:00,لم تبدأ
4/24/2026,الدوري الإماراتي,الوصل,دبا,16:00,لم تبدأ
4/24/2026,الدوري الإماراتي,الظفرة,عجمان,16:00,لم تبدأ
4/24/2026,الدوري الإماراتي,النصر الإماراتي,الجــزيرة,18:45,لم تبدأ
4/25/2026,الدوري المصري,حرس الحدود,وادي دجلة,17:00,لم تبدأ
4/25/2026,الدوري الإنجليزي,فولهام,أستون فيلا,14:30,لم تبدأ
4/25/2026,الدوري الإنجليزي,وولفرهامبتون,توتنهام هوتسبر,17:00,لم تبدأ
4/25/2026,الدوري الإنجليزي,ليفربول,كريستال بالاس,17:00,لم تبدأ
4/25/2026,الدوري الإنجليزي,وست هام يونايتد,إيفرتون,17:00,لم تبدأ
4/25/2026,الدوري الإنجليزي,أرسنال,نيوكاسل,19:30,لم تبدأ
4/25/2026,الدوري الإسباني,ألافيس,مايوركا,15:00,لم تبدأ
4/25/2026,الدوري الإسباني,خيتافي,برشلونة,17:15,لم تبدأ
4/25/2026,الدوري الإسباني,فالنسيا,جيرونا,19:30,لم تبدأ
4/25/2026,الدوري الإسباني,اتلتيكو مدريد,أتلتيك بلباو,22:00,لم تبدأ
4/25/2026,كأس الاتحاد الإنجليزي,مانشستر سيتي,ساوثامبتون,18:15,لم تبدأ
4/25/2026,الدوري الإيطالي,بارما,بيزا كالتشيو,16:00,لم تبدأ
4/25/2026,الدوري الإيطالي,هيلاس فيرونا,ليتشي,21:45,لم تبدأ
4/25/2026,الدوري الفرنسي,ليون,اوكسير,17:00,لم تبدأ
4/25/2026,الدوري الفرنسي,أنجيه,باريس سان جيرمان,19:00,لم تبدأ
4/25/2026,الدوري الفرنسي,تولوز,موناكو,21:05,لم تبدأ
4/25/2026,الدوري الألماني,ماينز,بايرن ميونيخ,16:30,لم تبدأ
4/25/2026,الدوري الألماني,هايدنهايم,سانت باولي,16:30,لم تبدأ
4/25/2026,الدوري الألماني,كولن,باير ليفركوزن,16:30,لم تبدأ
4/25/2026,الدوري الألماني,هامبورج,هوفنهايم,16:30,لم تبدأ
4/25/2026,الدوري الألماني,أوجسبورج,آ. فرانكفورت,16:30,لم تبدأ
4/25/2026,الدوري الألماني,بروسيا دورتموند,فرايبورج,16:30,لم تبدأ
4/25/2026,الدوري الألماني,فولفسبورج,مونشنجلادباخ,16:30,لم تبدأ
4/25/2026,الدوري الألماني,شتوتجارت,فيردر بريمن,16:30,لم تبدأ
4/25/2026,الدوري الألماني,لايبزيج,يونيون برلين,16:30,لم تبدأ
4/25/2026,دوري القسم الثاني-أ,لافيينا أف سي,بترول أسيوط,16:00,لم تبدأ
4/25/2026,دوري القسم الثاني-أ,المصرية للاتصالات,أبو قير للاسمدة,16:00,لم تبدأ
4/25/2026,الدوري الأفريقي لكرة السلة,ماكتاون فلايرز,جي سي كينجز,16:00,لم تبدأ
4/25/2026,الدوري الأفريقي لكرة السلة,النادي الإفريقي,الأهلي,19:00,لم تبدأ
4/25/2026,الدوري التركي,ايوبسبور,غازي عنتاب بي.بي.كي,13:30,لم تبدأ
4/25/2026,الدوري التركي,قيصري سبور,ريزه سبور,16:00,لم تبدأ
4/25/2026,الدوري التركي,جوزتيبي,انطاليا سبور,19:00,لم تبدأ
4/25/2026,الدوري التونسي,إتحاد بن قردان,الإتحاد المنستيري,15:00,لم تبدأ
4/26/2026,الدوري الإسباني,رايو فاييكانو,ريال سوسيداد,15:00,لم تبدأ
4/26/2026,الدوري الإسباني,ريال أوفييدو,إلتشي,17:15,لم تبدأ
4/26/2026,الدوري الإسباني,أوساسونا,اشبيلية,19:30,لم تبدأ
4/26/2026,الدوري الإسباني,فياريال,سيلتا فيجو,22:00,لم تبدأ
4/26/2026,كأس الاتحاد الإنجليزي,تشيلسي,ليدز يونايتد,16:00,لم تبدأ
4/26/2026,الدوري الإيطالي,فيورنتينا,ساسولو,13:30,لم تبدأ
4/26/2026,الدوري الإيطالي,جنوى,كومو,16:00,لم تبدأ
4/26/2026,الدوري الإيطالي,تورينو,إنتر ميلان,19:00,لم تبدأ
4/26/2026,الدوري الإيطالي,لاتسيو,أودينيزي,21:45,لم تبدأ
4/26/2026,الدوري الإيطالي,ميلان,يوفنتوس,21:45,لم تبدأ
4/26/2026,الدوري الفرنسي,لوريان,ستراسبورج,15:00,لم تبدأ
4/26/2026,الدوري الفرنسي,لوهافر,ميتز,17:15,لم تبدأ
4/26/2026,الدوري الفرنسي,رين,نانت,17:15,لم تبدأ
4/26/2026,الدوري الفرنسي,نادي باريس,ليل,17:15,لم تبدأ
4/26/2026,الدوري الفرنسي,مارسيليا,نيس,20:45,لم تبدأ
4/26/2026,الدوري الأفريقي لكرة السلة,فيل دي داكار,الأهلي,16:00,لم تبدأ
4/26/2026,الدوري الأفريقي لكرة السلة,ماكتاون فلايرز,نادي الفتح الرياضي,19:00,لم تبدأ
4/26/2026,الدوري التركي,جنتشلربيرليجي,كوجالي سبور,13:30,لم تبدأ
4/26/2026,الدوري التركي,جالاتا سراي,فنربخشة,19:00,لم تبدأ
4/26/2026,الدوري البرتغالي,إستوريل برايا,فاماليكاو,22:00,لم تبدأ
4/26/2026,الدوري البرتغالي,تونديلا,ناسيونال ماديرا,22:00,لم تبدأ
4/26/2026,الدوري البرتغالي,جل فيسنتي,كازا بيا,22:00,لم تبدأ
4/26/2026,الدوري البرتغالي,إستريلا,بورتو,22:00,لم تبدأ
4/26/2026,الدوري البرتغالي,اي في اس فوتبول,سبورتنج لشبونة,22:00,لم تبدأ
4/26/2026,الدوري البرتغالي,سانتا كلارا,سبورتينج براجا,22:00,لم تبدأ
4/26/2026,الدوري البرتغالي,فيتوريا جيماريش,ريو آفي,22:00,لم تبدأ
4/26/2026,الدوري البرتغالي,بنفيكا,موريرنسي,22:00,لم تبدأ
4/26/2026,الدوري البرتغالي,ألفيركا,أروكا,22:00,لم تبدأ
4/27/2026,الدوري المصري,سموحة,المصري,17:00,لم تبدأ
4/27/2026,الدوري المصري,الزمالك,إنبي,17:00,لم تبدأ
4/27/2026,الدوري المصري,بيراميدز,الأهلي,20:00,لم تبدأ
4/27/2026,الدوري الإنجليزي,مانشستر يونايتد,برينتفورد,22:00,لم تبدأ
4/27/2026,الدوري الإسباني,اسبانيول,ليفانتي,22:00,لم تبدأ
4/27/2026,الدوري الإيطالي,كالياري,أتالانتا,19:30,لم تبدأ
4/27/2026,الدوري التركي,ألانيا سبور,سامسون سبور,16:00,لم تبدأ
4/27/2026,الدوري التركي,قونيا سبور,طرابزون سبور,19:00,لم تبدأ
4/27/2026,الدوري التركي,بشكتاش,فاتح كاراجومروك,19:00,لم تبدأ
4/28/2026,الدوري المصري,بتروجت,الإسماعيلي,17:00,لم تبدأ
4/28/2026,الدوري المصري,زد,فاركو,17:00,لم تبدأ
4/28/2026,الدوري المصري,المقاولون العرب,غزل المحلة,20:00,لم تبدأ
4/28/2026,الدوري المصري,كهرباء الإسماعيلية,البنك الأهلي,20:00,لم تبدأ
4/28/2026,دوري أبطال أوروبا,باريس سان جيرمان,بايرن ميونيخ,21:00,لم تبدأ
4/28/2026,الدوري الأفريقي لكرة السلة,النادي الإفريقي,جي سي كينجز,19:00,لم تبدأ
4/28/2026,الدوري المصري الممتاز - سيدات,الطيران,إس أي كا إف سـي الرياضي,14:30,لم تبدأ
4/28/2026,الدوري المصري الممتاز - سيدات,زد,الزمالك,14:30,لم تبدأ
4/28/2026,الدوري المصري الممتاز - سيدات,المقاولون العرب,بيراميدز,14:30,لم تبدأ
4/28/2026,الدوري المصري الممتاز - سيدات,المصري,انبي,14:30,لم تبدأ
4/28/2026,الدوري المصري الممتاز - سيدات,الأهلي,وادي دجلة,14:30,لم تبدأ
4/28/2026,الدوري المصري الممتاز - سيدات,البنك الأهلي,مودرن سبورت,14:30,لم تبدأ
4/28/2026,الدوري المصري الممتاز - سيدات,رع,بالم هيلز,14:30,لم تبدأ
4/28/2026,الدوري المصري الممتاز - سيدات,مسار,اتحاد بسيون,14:30,لم تبدأ
4/28/2026,دوري نجوم قطر,الريان,العربي,18:30,لم تبدأ
4/28/2026,دوري نجوم قطر,نادي قطر,الدحيل,18:30,لم تبدأ
4/28/2026,دوري نجوم قطر,السد القطري,الشمال,18:30,لم تبدأ
4/28/2026,دوري نجوم قطر,ام صلال,الأهلي القطري,18:30,لم تبدأ
4/28/2026,دوري نجوم قطر,الغرافة,الشحانية,18:30,لم تبدأ
4/28/2026,دوري نجوم قطر,الوكرة,السيلية,18:30,لم تبدأ
4/29/2026,الدوري المصري,الجونة,حرس الحدود,17:00,لم تبدأ
4/29/2026,الدوري المصري,مودرن سبورت,طلائع الجيش,20:00,لم تبدأ
4/29/2026,الدوري المصري,وادي دجلة,الاتحاد السكندري,20:00,لم تبدأ
4/29/2026,دوري أبطال أوروبا,اتلتيكو مدريد,أرسنال,21:00,لم تبدأ
4/29/2026,الدوري الأفريقي لكرة السلة,الأهلي,ماكتاون فلايرز,16:00,لم تبدأ
4/29/2026,الدوري الأفريقي لكرة السلة,نادي الفتح الرياضي,فيل دي داكار,19:00,لم تبدأ
4/30/2026,الدوري الأوروبي,سبورتينج براجا,فرايبورج,22:00,لم تبدأ
4/30/2026,دوري المؤتمر الأوروبي,شاختار دونيتسك,كريستال بالاس,22:00,لم تبدأ
4/30/2026,دوري المؤتمر الأوروبي,رايو فاييكانو,ستراسبورج,22:00,لم تبدأ
4/30/2026,دوري القسم الثاني-أ,الداخلية,مالية كفر الزيات,16:00,لم تبدأ
4/30/2026,دوري القسم الثاني-أ,القناة,أسوان,16:00,لم تبدأ
4/30/2026,دوري القسم الثاني-أ,مسار,بروكسي,16:00,لم تبدأ
4/30/2026,دوري القسم الثاني-أ,السكة الحديد,ديروط,16:00,لم تبدأ
4/30/2026,دوري القسم الثاني-أ,الانتاج الحربي,المصرية للاتصالات,16:00,لم تبدأ
4/30/2026,دوري القسم الثاني-أ,أبو قير للاسمدة,لافيينا أف سي,16:00,لم تبدأ
4/30/2026,دوري القسم الثاني-أ,طنطا,الترسانة,16:00,لم تبدأ
4/30/2026,دوري القسم الثاني-أ,بترول أسيوط,راية الرياضي,16:00,لم تبدأ
4/30/2026,دوري القسم الثاني-أ,بلدية المحلة,المنصورة,16:00,لم تبدأ
5/1/2026,الدوري المصري,بيراميدز,إنبي,17:00,لم تبدأ
5/1/2026,الدوري المصري,سيراميكا كليوباترا,المصري,17:00,لم تبدأ
5/1/2026,الدوري المصري,الزمالك,الأهلي,20:00,لم تبدأ
5/1/2026,الدوري الإنجليزي,ليدز يونايتد,بيرنلي,22:00,لم تبدأ
5/1/2026,الدوري الإسباني,جيرونا,مايوركا,22:00,لم تبدأ
5/1/2026,الدوري الأفريقي لكرة السلة,النادي الإفريقي,ماكتاون فلايرز,16:00,لم تبدأ
5/1/2026,الدوري الأفريقي لكرة السلة,جي سي كينجز,الأهلي,19:00,لم تبدأ
5/2/2026,الدوري الإنجليزي,أستون فيلا,توتنهام هوتسبر,14:30,لم تبدأ
5/2/2026,الدوري الإنجليزي,بورنموث,كريستال بالاس,17:00,لم تبدأ
5/2/2026,الدوري الإنجليزي,وولفرهامبتون,سندرلاند,17:00,لم تبدأ
5/2/2026,الدوري الإنجليزي,برينتفورد,وست هام يونايتد,17:00,لم تبدأ
5/2/2026,الدوري الإنجليزي,نيوكاسل,برايتون,17:00,لم تبدأ
5/2/2026,الدوري الإنجليزي,أرسنال,فولهام,19:30,لم تبدأ
5/2/2026,الدوري الإسباني,فياريال,ليفانتي,15:00,لم تبدأ
5/2/2026,الدوري الإسباني,ألافيس,أتلتيك بلباو,19:30,لم تبدأ
5/2/2026,الدوري الفرنسي,باريس سان جيرمان,لوريان,18:00,لم تبدأ
5/2/2026,الدوري الفرنسي,ميتز,موناكو,20:00,لم تبدأ
5/2/2026,الدوري الفرنسي,نيس,لانس,22:05,لم تبدأ
5/2/2026,الدوري الأفريقي لكرة السلة,فيل دي داكار,جي سي كينجز,16:00,لم تبدأ
5/2/2026,الدوري الأفريقي لكرة السلة,نادي الفتح الرياضي,النادي الإفريقي,19:00,لم تبدأ
5/3/2026,الدوري المصري,حرس الحدود,طلائع الجيش,17:00,لم تبدأ
5/3/2026,الدوري المصري,زد,الجونة,17:00,لم تبدأ
5/3/2026,الدوري المصري,البنك الأهلي,مودرن سبورت,20:00,لم تبدأ
5/3/2026,الدوري المصري,غزل المحلة,الإسماعيلي,20:00,لم تبدأ
5/3/2026,الدوري الإنجليزي,مانشستر يونايتد,ليفربول,17:30,لم تبدأ
5/3/2026,الدوري الإسباني,سيلتا فيجو,إلتشي,15:00,لم تبدأ
5/3/2026,الدوري الإسباني,خيتافي,رايو فاييكانو,17:15,لم تبدأ
5/3/2026,الدوري الإسباني,ريال بيتيس,ريال أوفييدو,19:30,لم تبدأ
5/3/2026,الدوري الإسباني,أوساسونا,برشلونة,22:00,لم تبدأ
5/3/2026,الدوري الإسباني,فالنسيا,اتلتيكو مدريد,22:00,لم تبدأ
5/3/2026,الدوري الإسباني,اسبانيول,ريال مدريد,22:00,لم تبدأ
5/3/2026,الدوري الإيطالي,بولونيا,كالياري,16:00,لم تبدأ
5/3/2026,الدوري الإيطالي,أتالانتا,جنوى,16:00,لم تبدأ
5/3/2026,الدوري الإيطالي,روما,فيورنتينا,16:00,لم تبدأ
5/3/2026,الدوري الإيطالي,كومو,نابولي,16:00,لم تبدأ
5/3/2026,الدوري الإيطالي,ساسولو,ميلان,16:00,لم تبدأ
5/3/2026,الدوري الإيطالي,أودينيزي,تورينو,16:00,لم تبدأ
5/3/2026,الدوري الإيطالي,كريمونيسي,لاتسيو,16:00,لم تبدأ
5/3/2026,الدوري الإيطالي,يوفنتوس,هيلاس فيرونا,16:00,لم تبدأ
5/3/2026,الدوري الإيطالي,إنتر ميلان,بارما,16:00,لم تبدأ
5/3/2026,الدوري الإيطالي,بيزا كالتشيو,ليتشي,16:00,لم تبدأ
5/3/2026,الدوري الفرنسي,ليل,لوهافر,16:00,لم تبدأ
5/3/2026,الدوري الفرنسي,نانت,مارسيليا,16:00,لم تبدأ
5/3/2026,الدوري الفرنسي,ستراسبورج,تولوز,18:15,لم تبدأ
5/3/2026,الدوري الفرنسي,اوكسير,أنجيه,18:15,لم تبدأ
5/3/2026,الدوري الفرنسي,نادي باريس,بريست,18:15,لم تبدأ
5/3/2026,الدوري الفرنسي,ليون,رين,21:45,لم تبدأ
5/3/2026,الدوري الأفريقي لكرة السلة,ماكتاون فلايرز,فيل دي داكار,16:00,لم تبدأ
5/3/2026,الدوري الأفريقي لكرة السلة,نادي الفتح الرياضي,الأهلي,19:00,لم تبدأ
5/3/2026,الدوري المصري الممتاز - سيدات,اتحاد بسيون,رع,14:30,لم تبدأ
5/3/2026,الدوري المصري الممتاز - سيدات,بالم هيلز,البنك الأهلي,14:30,لم تبدأ
5/3/2026,الدوري المصري الممتاز - سيدات,مودرن سبورت,الأهلي,14:30,لم تبدأ
5/3/2026,الدوري المصري الممتاز - سيدات,وادي دجلة,المصري,14:30,لم تبدأ
5/3/2026,الدوري المصري الممتاز - سيدات,انبي,المقاولون العرب,14:30,لم تبدأ
5/3/2026,الدوري المصري الممتاز - سيدات,بيراميدز,زد,14:30,لم تبدأ
5/3/2026,الدوري المصري الممتاز - سيدات,الزمالك,الطيران,14:30,لم تبدأ
5/3/2026,الدوري المصري الممتاز - سيدات,إس أي كا إف سـي الرياضي,مسار,14:30,لم تبدأ
5/3/2026,الدوري التركي,سامسون سبور,جالاتا سراي,18:00,لم تبدأ
5/3/2026,الدوري التركي,طرابزون سبور,جوزتيبي,18:00,لم تبدأ
5/3/2026,الدوري التركي,ريزه سبور,قونيا سبور,18:00,لم تبدأ
5/3/2026,الدوري التركي,قيصري سبور,ايوبسبور,18:00,لم تبدأ
5/3/2026,الدوري التركي,انطاليا سبور,ألانيا سبور,18:00,لم تبدأ
5/3/2026,الدوري التركي,فنربخشة,إسطنبول باشاكشهير,18:00,لم تبدأ
5/3/2026,الدوري التركي,قاسم باشا,كوجالي سبور,18:00,لم تبدأ
5/3/2026,الدوري التركي,فاتح كاراجومروك,جنتشلربيرليجي,18:00,لم تبدأ
5/3/2026,الدوري التركي,غازي عنتاب بي.بي.كي,بشكتاش,19:00,لم تبدأ
5/3/2026,الدوري البرتغالي,سبورتينج براجا,إستوريل برايا,22:00,لم تبدأ
5/3/2026,الدوري البرتغالي,كازا بيا,تونديلا,22:00,لم تبدأ
5/3/2026,الدوري البرتغالي,فاماليكاو,بنفيكا,22:00,لم تبدأ
5/3/2026,الدوري البرتغالي,ناسيونال ماديرا,اي في اس فوتبول,22:00,لم تبدأ
5/3/2026,الدوري البرتغالي,أروكا,سانتا كلارا,22:00,لم تبدأ
5/3/2026,الدوري البرتغالي,بورتو,ألفيركا,22:00,لم تبدأ
5/3/2026,الدوري البرتغالي,سبورتنج لشبونة,فيتوريا جيماريش,22:00,لم تبدأ
5/3/2026,الدوري البرتغالي,موريرنسي,إستريلا,22:00,لم تبدأ
5/3/2026,الدوري البرتغالي,ريو آفي,جل فيسنتي,22:00,لم تبدأ
5/4/2026,الدوري المصري,فاركو,المقاولون العرب,17:00,لم تبدأ
5/4/2026,الدوري المصري,وادي دجلة,كهرباء الإسماعيلية,20:00,لم تبدأ
5/4/2026,الدوري المصري,الاتحاد السكندري,بتروجت,20:00,لم تبدأ
5/4/2026,الدوري الإنجليزي,تشيلسي,نوتينجهام فورست,17:00,لم تبدأ
5/4/2026,الدوري الإنجليزي,إيفرتون,مانشستر سيتي,22:00,لم تبدأ
5/4/2026,الدوري الإسباني,اشبيلية,ريال سوسيداد,22:00,لم تبدأ
5/4/2026,الدوري المغربي,الرجاء البيضاوي,الدفاع الجديدي,21:00,لم تبدأ
5/5/2026,الدوري المصري,سموحة,الزمالك,20:00,لم تبدأ
5/5/2026,الدوري المصري,سيراميكا كليوباترا,بيراميدز,20:00,لم تبدأ
5/5/2026,الدوري المصري,الأهلي,إنبي,20:00,لم تبدأ
5/5/2026,دوري أبطال أوروبا,أرسنال,اتلتيكو مدريد,22:00,لم تبدأ
5/6/2026,دوري أبطال أوروبا,بايرن ميونيخ,باريس سان جيرمان,22:00,لم تبدأ
5/7/2026,الدوري المصري,طلائع الجيش,غزل المحلة,17:00,لم تبدأ
5/7/2026,الدوري المصري,حرس الحدود,زد,20:00,لم تبدأ
5/7/2026,الدوري المصري,البنك الأهلي,الإسماعيلي,20:00,لم تبدأ
5/7/2026,الدوري الأوروبي,فرايبورج,سبورتينج براجا,22:00,لم تبدأ
5/7/2026,دوري المؤتمر الأوروبي,كريستال بالاس,شاختار دونيتسك,22:00,لم تبدأ
5/7/2026,دوري المؤتمر الأوروبي,ستراسبورج,رايو فاييكانو,22:00,لم تبدأ
5/7/2026,دوري القسم الثاني-أ,المنصورة,بترول أسيوط,16:00,لم تبدأ
5/7/2026,دوري القسم الثاني-أ,راية الرياضي,طنطا,16:00,لم تبدأ
5/7/2026,دوري القسم الثاني-أ,الترسانة,أبو قير للاسمدة,16:00,لم تبدأ
5/7/2026,دوري القسم الثاني-أ,لافيينا أف سي,الانتاج الحربي,16:00,لم تبدأ
5/7/2026,دوري القسم الثاني-أ,المصرية للاتصالات,السكة الحديد,16:00,لم تبدأ
5/7/2026,دوري القسم الثاني-أ,ديروط,مسار,16:00,لم تبدأ
5/7/2026,دوري القسم الثاني-أ,بروكسي,القناة,16:00,لم تبدأ
5/7/2026,دوري القسم الثاني-أ,أسوان,الداخلية,16:00,لم تبدأ
5/7/2026,دوري القسم الثاني-أ,بلدية المحلة,مالية كفر الزيات,16:00,لم تبدأ
5/7/2026,الدوري الإماراتي,النصر الإماراتي,اتحاد كلباء,20:00,لم تبدأ
5/8/2026,الدوري المصري,بتروجت,وادي دجلة,17:00,لم تبدأ
5/8/2026,الدوري المصري,المقاولون العرب,الجونة,17:00,لم تبدأ
5/8/2026,الدوري المصري,مودرن سبورت,الاتحاد السكندري,20:00,لم تبدأ
5/8/2026,الدوري المصري,كهرباء الإسماعيلية,فاركو,20:00,لم تبدأ
5/8/2026,كأس خادم الحرمين الشريفين,الهلال,الأخدود,21:00,لم تبدأ
5/9/2026,الكونفيدرالية الأفريقية,اتحاد العاصمة,الزمالك,19:00,لم تبدأ
5/9/2026,الدوري الإنجليزي,ليفربول,تشيلسي,14:30,لم تبدأ
5/9/2026,الدوري الإنجليزي,كريستال بالاس,إيفرتون,17:00,لم تبدأ
5/9/2026,الدوري الإنجليزي,فولهام,بورنموث,17:00,لم تبدأ
5/9/2026,الدوري الإنجليزي,برايتون,وولفرهامبتون,17:00,لم تبدأ
5/9/2026,الدوري الإنجليزي,سندرلاند,مانشستر يونايتد,17:00,لم تبدأ
5/9/2026,الدوري الإنجليزي,بيرنلي,أستون فيلا,17:00,لم تبدأ
5/9/2026,الدوري الإنجليزي,مانشستر سيتي,برينتفورد,19:30,لم تبدأ
5/9/2026,الدوري الفرنسي,ميتز,لوريان,22:00,لم تبدأ
5/9/2026,الدوري الفرنسي,تولوز,ليون,22:00,لم تبدأ
5/9/2026,الدوري الفرنسي,موناكو,ليل,22:00,لم تبدأ
5/9/2026,الدوري الفرنسي,اوكسير,نيس,22:00,لم تبدأ
5/9/2026,الدوري الفرنسي,لانس,نانت,22:00,لم تبدأ
5/9/2026,الدوري الفرنسي,رين,نادي باريس,22:00,لم تبدأ
5/9/2026,الدوري الفرنسي,لوهافر,مارسيليا,22:00,لم تبدأ
5/9/2026,الدوري الفرنسي,أنجيه,ستراسبورج,22:00,لم تبدأ
5/9/2026,الدوري الفرنسي,باريس سان جيرمان,بريست,22:00,لم تبدأ
5/10/2026,الدوري الإنجليزي,نوتينجهام فورست,نيوكاسل,16:00,لم تبدأ
5/10/2026,الدوري الإنجليزي,وست هام يونايتد,أرسنال,18:30,لم تبدأ
5/10/2026,الدوري الإسباني,ليفانتي,أوساسونا,22:00,لم تبدأ
5/10/2026,الدوري الإسباني,اشبيلية,اسبانيول,22:00,لم تبدأ
5/10/2026,الدوري الإسباني,مايوركا,فياريال,22:00,لم تبدأ
5/10/2026,الدوري الإسباني,ريال سوسيداد,ريال بيتيس,22:00,لم تبدأ
5/10/2026,الدوري الإسباني,ريال أوفييدو,خيتافي,22:00,لم تبدأ
5/10/2026,الدوري الإسباني,إلتشي,ألافيس,22:00,لم تبدأ
5/10/2026,الدوري الإسباني,أتلتيك بلباو,فالنسيا,22:00,لم تبدأ
5/10/2026,الدوري الإسباني,اتلتيكو مدريد,سيلتا فيجو,22:00,لم تبدأ
5/10/2026,الدوري الإسباني,برشلونة,ريال مدريد,22:00,لم تبدأ
5/10/2026,الدوري الإسباني,رايو فاييكانو,جيرونا,22:00,لم تبدأ
5/10/2026,الدوري الإيطالي,ليتشي,يوفنتوس,16:00,لم تبدأ
5/10/2026,الدوري الإيطالي,كريمونيسي,بيزا كالتشيو,16:00,لم تبدأ
5/10/2026,الدوري الإيطالي,فيورنتينا,جنوى,16:00,لم تبدأ
5/10/2026,الدوري الإيطالي,ميلان,أتالانتا,16:00,لم تبدأ
5/10/2026,الدوري الإيطالي,لاتسيو,إنتر ميلان,16:00,لم تبدأ
5/10/2026,الدوري الإيطالي,بارما,روما,16:00,لم تبدأ
5/10/2026,الدوري الإيطالي,تورينو,ساسولو,16:00,لم تبدأ
5/10/2026,الدوري الإيطالي,نابولي,بولونيا,16:00,لم تبدأ
5/10/2026,الدوري الإيطالي,هيلاس فيرونا,كومو,16:00,لم تبدأ
5/10/2026,الدوري الإيطالي,كالياري,أودينيزي,16:00,لم تبدأ
5/10/2026,الدوري التركي,بشكتاش,طرابزون سبور,18:00,لم تبدأ
5/10/2026,الدوري التركي,جوزتيبي,غازي عنتاب بي.بي.كي,18:00,لم تبدأ
5/10/2026,الدوري التركي,جالاتا سراي,انطاليا سبور,18:00,لم تبدأ
5/10/2026,الدوري التركي,إسطنبول باشاكشهير,سامسون سبور,18:00,لم تبدأ
5/10/2026,الدوري التركي,كوجالي سبور,فاتح كاراجومروك,18:00,لم تبدأ
5/10/2026,الدوري التركي,ألانيا سبور,قيصري سبور,18:00,لم تبدأ
5/10/2026,الدوري التركي,جنتشلربيرليجي,قاسم باشا,18:00,لم تبدأ
5/10/2026,الدوري التركي,ايوبسبور,ريزه سبور,18:00,لم تبدأ
5/10/2026,الدوري التركي,قونيا سبور,فنربخشة,18:00,لم تبدأ
5/10/2026,الدوري البرتغالي,ريو آفي,سبورتنج لشبونة,22:00,لم تبدأ
5/10/2026,الدوري البرتغالي,بنفيكا,سبورتينج براجا,22:00,لم تبدأ
5/10/2026,الدوري البرتغالي,فيتوريا جيماريش,كازا بيا,22:00,لم تبدأ
5/10/2026,الدوري البرتغالي,تونديلا,موريرنسي,22:00,لم تبدأ
5/10/2026,الدوري البرتغالي,سانتا كلارا,ناسيونال ماديرا,22:00,لم تبدأ
5/10/2026,الدوري البرتغالي,جل فيسنتي,أروكا,22:00,لم تبدأ
5/10/2026,الدوري البرتغالي,إستريلا,فاماليكاو,22:00,لم تبدأ
5/10/2026,الدوري البرتغالي,اي في اس فوتبول,بورتو,22:00,لم تبدأ
5/10/2026,الدوري البرتغالي,ألفيركا,إستوريل برايا,22:00,لم تبدأ
5/11/2026,الدوري الإنجليزي,توتنهام هوتسبر,ليدز يونايتد,22:00,لم تبدأ
5/12/2026,الدوري المصري,الجونة,كهرباء الإسماعيلية,17:00,لم تبدأ
5/12/2026,الدوري المصري,فاركو,مودرن سبورت,17:00,لم تبدأ
5/12/2026,الدوري المصري,زد,غزل المحلة,20:00,لم تبدأ
5/12/2026,الدوري المصري,وادي دجلة,الإسماعيلي,20:00,لم تبدأ
5/13/2026,الدوري المصري,حرس الحدود,المقاولون العرب,17:00,لم تبدأ
5/13/2026,الدوري المصري,البنك الأهلي,بتروجت,20:00,لم تبدأ
5/13/2026,الدوري المصري,الاتحاد السكندري,طلائع الجيش,20:00,لم تبدأ
5/13/2026,الدوري الإسباني,ريال مدريد,ريال أوفييدو,22:00,لم تبدأ
5/13/2026,الدوري الإسباني,سيلتا فيجو,ليفانتي,22:00,لم تبدأ
5/13/2026,الدوري الإسباني,اسبانيول,أتلتيك بلباو,22:00,لم تبدأ
5/13/2026,الدوري الإسباني,فالنسيا,رايو فاييكانو,22:00,لم تبدأ
5/13/2026,الدوري الإسباني,فياريال,اشبيلية,22:00,لم تبدأ
5/13/2026,الدوري الإسباني,خيتافي,مايوركا,22:00,لم تبدأ
5/13/2026,الدوري الإسباني,جيرونا,ريال سوسيداد,22:00,لم تبدأ
5/13/2026,الدوري الإسباني,أوساسونا,اتلتيكو مدريد,22:00,لم تبدأ
5/13/2026,الدوري الإسباني,ألافيس,برشلونة,22:00,لم تبدأ
5/13/2026,الدوري الإسباني,ريال بيتيس,إلتشي,22:00,لم تبدأ
5/13/2026,الدوري الفرنسي,لانس,باريس سان جيرمان,18:00,لم تبدأ
5/13/2026,الدوري الفرنسي,بريست,ستراسبورج,18:00,لم تبدأ
5/14/2026,دوري القسم الثاني-أ,أبو قير للاسمدة,راية الرياضي,15:30,لم تبدأ
5/14/2026,دوري القسم الثاني-أ,مالية كفر الزيات,أسوان,16:00,لم تبدأ
5/14/2026,دوري القسم الثاني-أ,الداخلية,بروكسي,16:00,لم تبدأ
5/14/2026,دوري القسم الثاني-أ,القناة,ديروط,16:00,لم تبدأ
5/14/2026,دوري القسم الثاني-أ,مسار,المصرية للاتصالات,16:00,لم تبدأ
5/14/2026,دوري القسم الثاني-أ,السكة الحديد,لافيينا أف سي,16:00,لم تبدأ
5/14/2026,دوري القسم الثاني-أ,الانتاج الحربي,الترسانة,16:00,لم تبدأ
5/14/2026,دوري القسم الثاني-أ,طنطا,المنصورة,16:00,لم تبدأ
5/14/2026,دوري القسم الثاني-أ,بترول أسيوط,بلدية المحلة,16:00,لم تبدأ
5/14/2026,دوري القسم الثاني-أ,أبو قير للاسمدة,راية الرياضي,16:00,لم تبدأ
5/14/2026,الدوري الإماراتي,العين,الظفرة,18:00,لم تبدأ
5/15/2026,دوري أبطال أفريقيا,ماميلودي صنداونز,الجيش الملكي,15:00,لم تبدأ
5/15/2026,الدوري المصري,بيراميدز,سموحة,20:00,لم تبدأ
5/15/2026,الدوري المصري,الزمالك,سيراميكا كليوباترا,20:00,لم تبدأ
5/15/2026,الدوري المصري,المصري,الأهلي,20:00,لم تبدأ
5/16/2026,الكونفيدرالية الأفريقية,الزمالك,اتحاد العاصمة,19:00,لم تبدأ
5/16/2026,الدوري الفرنسي,ليل,اوكسير,22:00,لم تبدأ
5/16/2026,الدوري الفرنسي,نانت,تولوز,22:00,لم تبدأ
5/16/2026,الدوري الفرنسي,ستراسبورج,موناكو,22:00,لم تبدأ
5/16/2026,الدوري الفرنسي,نيس,ميتز,22:00,لم تبدأ
5/16/2026,الدوري الفرنسي,ليون,لانس,22:00,لم تبدأ
5/16/2026,الدوري الفرنسي,لوريان,لوهافر,22:00,لم تبدأ
5/16/2026,الدوري الفرنسي,نادي باريس,باريس سان جيرمان,22:00,لم تبدأ
5/16/2026,الدوري الفرنسي,بريست,أنجيه,22:00,لم تبدأ
5/16/2026,الدوري الفرنسي,مارسيليا,رين,22:00,لم تبدأ
5/17/2026,الدوري المصري,البنك الأهلي,الجونة,17:00,لم تبدأ
5/17/2026,الدوري المصري,بتروجت,مودرن سبورت,20:00,لم تبدأ
5/17/2026,الدوري المصري,الإسماعيلي,زد,20:00,لم تبدأ
5/17/2026,الدوري الإنجليزي,أرسنال,بيرنلي,17:00,لم تبدأ
5/17/2026,الدوري الإنجليزي,أستون فيلا,ليفربول,17:00,لم تبدأ
5/17/2026,الدوري الإنجليزي,تشيلسي,توتنهام هوتسبر,17:00,لم تبدأ
5/17/2026,الدوري الإنجليزي,إيفرتون,سندرلاند,17:00,لم تبدأ
5/17/2026,الدوري الإنجليزي,مانشستر يونايتد,نوتينجهام فورست,17:00,لم تبدأ
5/17/2026,الدوري الإنجليزي,نيوكاسل,وست هام يونايتد,17:00,لم تبدأ
5/17/2026,الدوري الإنجليزي,بورنموث,مانشستر سيتي,17:00,لم تبدأ
5/17/2026,الدوري الإنجليزي,ليدز يونايتد,برايتون,17:00,لم تبدأ
5/17/2026,الدوري الإنجليزي,وولفرهامبتون,فولهام,17:00,لم تبدأ
5/17/2026,الدوري الإنجليزي,برينتفورد,كريستال بالاس,17:00,لم تبدأ
5/17/2026,الدوري الإسباني,اشبيلية,ريال مدريد,22:00,لم تبدأ
5/17/2026,الدوري الإسباني,ريال أوفييدو,ألافيس,22:00,لم تبدأ
5/17/2026,الدوري الإسباني,برشلونة,ريال بيتيس,22:00,لم تبدأ
5/17/2026,الدوري الإسباني,ريال سوسيداد,فالنسيا,22:00,لم تبدأ
5/17/2026,الدوري الإسباني,ليفانتي,مايوركا,22:00,لم تبدأ
5/17/2026,الدوري الإسباني,رايو فاييكانو,فياريال,22:00,لم تبدأ
5/17/2026,الدوري الإسباني,إلتشي,خيتافي,22:00,لم تبدأ
5/17/2026,الدوري الإسباني,أتلتيك بلباو,سيلتا فيجو,22:00,لم تبدأ
5/17/2026,الدوري الإسباني,اتلتيكو مدريد,جيرونا,22:00,لم تبدأ
5/17/2026,الدوري الإسباني,أوساسونا,اسبانيول,22:00,لم تبدأ
5/17/2026,الدوري الإيطالي,أودينيزي,كريمونيسي,16:00,لم تبدأ
5/17/2026,الدوري الإيطالي,ساسولو,ليتشي,16:00,لم تبدأ
5/17/2026,الدوري الإيطالي,كومو,بارما,16:00,لم تبدأ
5/17/2026,الدوري الإيطالي,بيزا كالتشيو,نابولي,16:00,لم تبدأ
5/17/2026,الدوري الإيطالي,كالياري,تورينو,16:00,لم تبدأ
5/17/2026,الدوري الإيطالي,جنوى,ميلان,16:00,لم تبدأ
5/17/2026,الدوري الإيطالي,أتالانتا,بولونيا,16:00,لم تبدأ
5/17/2026,الدوري الإيطالي,إنتر ميلان,هيلاس فيرونا,16:00,لم تبدأ
5/17/2026,الدوري الإيطالي,يوفنتوس,فيورنتينا,16:00,لم تبدأ
5/17/2026,الدوري الإيطالي,روما,لاتسيو,16:00,لم تبدأ
5/17/2026,الدوري التركي,قاسم باشا,جالاتا سراي,18:00,لم تبدأ
5/17/2026,الدوري التركي,ريزه سبور,بشكتاش,18:00,لم تبدأ
5/17/2026,الدوري التركي,طرابزون سبور,جنتشلربيرليجي,18:00,لم تبدأ
5/17/2026,الدوري التركي,قيصري سبور,قونيا سبور,18:00,لم تبدأ
5/17/2026,الدوري التركي,غازي عنتاب بي.بي.كي,إسطنبول باشاكشهير,18:00,لم تبدأ
5/17/2026,الدوري التركي,فاتح كاراجومروك,ألانيا سبور,18:00,لم تبدأ
5/17/2026,الدوري التركي,سامسون سبور,جوزتيبي,18:00,لم تبدأ
5/17/2026,الدوري التركي,فنربخشة,ايوبسبور,18:00,لم تبدأ
5/17/2026,الدوري التركي,انطاليا سبور,كوجالي سبور,18:00,لم تبدأ
5/17/2026,الدوري البرتغالي,كازا بيا,ريو آفي,22:00,لم تبدأ
5/17/2026,الدوري البرتغالي,فاماليكاو,ألفيركا,22:00,لم تبدأ
5/17/2026,الدوري البرتغالي,أروكا,تونديلا,22:00,لم تبدأ
5/17/2026,الدوري البرتغالي,إستوريل برايا,بنفيكا,22:00,لم تبدأ
5/17/2026,الدوري البرتغالي,سبورتينج براجا,إستريلا,22:00,لم تبدأ
5/17/2026,الدوري البرتغالي,بورتو,سانتا كلارا,22:00,لم تبدأ
5/17/2026,الدوري البرتغالي,ناسيونال ماديرا,فيتوريا جيماريش,22:00,لم تبدأ
5/17/2026,الدوري البرتغالي,موريرنسي,اي في اس فوتبول,22:00,لم تبدأ
5/17/2026,الدوري البرتغالي,سبورتنج لشبونة,جل فيسنتي,22:00,لم تبدأ
5/18/2026,الدوري المصري,طلائع الجيش,فاركو,17:00,لم تبدأ
5/18/2026,الدوري المصري,كهرباء الإسماعيلية,حرس الحدود,17:00,لم تبدأ
5/18/2026,الدوري المصري,المقاولون العرب,وادي دجلة,20:00,لم تبدأ
5/18/2026,الدوري المصري,غزل المحلة,الاتحاد السكندري,20:00,لم تبدأ
5/21/2026,الدوري الإنجليزي,مانشستر سيتي,كريستال بالاس,17:00,لم تبدأ
5/21/2026,الدوري السعودي,نادي نيوم,الاتفـــــاق,18:00,لم تبدأ
